<?xml version="1.0" encoding="UTF-8"?>
<!--
  Copyright 2010-2012 the original author or authors.

  Licensed under the Apache License, Version 2.0 (the "License");
  you may not use this file except in compliance with the License.
  You may obtain a copy of the License at

      http://www.apache.org/licenses/LICENSE-2.0

  Unless required by applicable law or agreed to in writing, software
  distributed under the License is distributed on an "AS IS" BASIS,
  WITHOUT WARRANTIES OR CONDITIONS OF ANY KIND, either express or implied.
  See the License for the specific language governing permissions and
  limitations under the License.
-->

<!--  version: $Id$ -->

<document xmlns="http://maven.apache.org/XDOC/2.0"
  xmlns:xsi="http://www.w3.org/2001/XMLSchema-instance"
  xsi:schemaLocation="http://maven.apache.org/XDOC/2.0 http://maven.apache.org/xsd/xdoc-2.0.xsd">

  <properties>
    <title>마이바티스 스프링 연동모듈 | 트랜잭션</title>
    <author email="hpresnall@gmail.com">Hunter Presnall</author>
    <author email="eduardo.macarron@gmail.com">Eduardo Macarron</author>
    <author email="fromm0@gmail.com">이동국(한국어 번역)</author>
  </properties>
                             
  <body>
    <section name="Transactions">
      <p>마이바티스 스프링 연동모듈을 사용하는 중요한 이유중 하나는 마이바티스가 스프링 트랜잭션에 자연스럽게 연동될수 있다는 것이다. 
      마이바티스에 종속되는 새로운 트랜잭션 관리를 만드는 것보다는 마이바티스 스프링 연동모듈이 스프링의 <code>DataSourceTransactionManager</code>과 융합되는 것이 좋다. </p>
      <p>스프링 트랜잭션 관리자를 한번 설정하면, 대개의 경우처럼 스프링에서 트랜잭션을 설정할 수 있다.
      <code>@Transactional</code> 애노테이션과 AOP스타일의 설정 모두 지원한다.
      하나의 <code>SqlSession</code>객체가 생성되고 트랜잭션이 동작하는 동안 지속적으로 사용될것이다. 
      세션은 트랜잭션이 완료되면 적절히 커밋이 되거나 롤백될것이다. </p>
      <p>마이바티스 스프링 연동모듈은 한번 셋업되면 트랜잭션을 투명하게 관리한다. 
      DAO클래스에 어떠한 추가적인 코드를 넣을 필요가 없다. </p>
  
    <subsection name="Standard Configuration" id="configuration">
      <p>스프링 트랜잭션을 가능하게 하려면, 스프링 XML설정파일에 <code>DataSourceTransactionManager</code>를 생성하자. </p>
        <source><![CDATA[<bean id="transactionManager" class="org.springframework.jdbc.datasource.DataSourceTransactionManager">
  <property name="dataSource" ref="dataSource" />
</bean>]]></source>
      <p>명시된 <code>DataSource</code>는 스프링을 사용할때 일반적으로 사용한다면 어떠한 JDBC <code>DataSource</code>도 될수 있다.
       JNDI룩업을 통해 얻어진 <code>DataSource</code>뿐 아니라 커넥션 풀링 기능도 포함한다. </p>
      <p>트랜잭션 관리자에 명시된 <code>DataSource</code>가 <code>SqlSessionFactoryBean</code>을 생성할때 사용된 것과 <strong>반드시</strong> 동일한 것이어야 하는 것만 꼭 기억하자.
      그렇지 않으면 트랜잭션 관리가 제대로 되지 않을것이다.  </p>
    </subsection>

    <subsection name="Container Managed Transactions" id="container">
      <p>만약에 JEE컨테이너를 사용하고 스프링을 컨테이너 관리 트랜잭션(container managed transactions, CMT)에 두려한다면, 
      스프링은 <code>JtaTransactionManager</code>나 그 하위 클래스로 설정되어야 한다. 
      이러한 설정을 가장 쉽게 하는 방법은 스프링의 트랜잭션 네임스페이스를 사용하는 것이다. </p>
      <source><![CDATA[<tx:jta-transaction-manager />]]></source>
      <p>이 설정에서, 마이바티스는 CMT와 함께 설정된 스프링 트랜잭션 리소스처럼 동작할 것이다. 
      스프링은 이미 설정된 트랜잭션을 사용해서 <code>SqlSession</code>을 이미 동작중인 트랜잭션에 넣을 것이다. 
      시작된 트랜잭션이 없고 트랜잭션이 필요한 경우라면 스프링은 새로운 컨테이너 관리 트랜잭션을 시작할 것이다. </p>
      <p>CMT는 사용하지만 스프링 트랜잭션 관리를 원하지 <strong>않는다면</strong> 어떠한 스프링 트랜잭션 관리자를 설정해서도 <strong>안되고</strong> 
      마이바티스 <code>ManagedTransactionFactory</code>를 사용하기 위해  <code>SqlSessionFactoryBean</code>를 설정<strong>해야만</strong> 한다. </p>
      <source><![CDATA[<bean id="sqlSessionFactory" class="org.mybatis.spring.SqlSessionFactoryBean">
  <property name="dataSource" ref="dataSource" />
  <property name="transactionFactory">
    <bean class="org.apache.ibatis.transaction.managed.ManagedTransactionFactory" />
  </property>  
</bean>]]></source>
    </subsection>
  
    <subsection name="Programmatic Transaction Management" id="programmatic">
      <p>마이바티스 <code>SqlSession</code>은 트랜잭션을 제어하는 메서드를 제공한다. 
      하지만 마이바티스 스프링 연동모듈은 빈을 스프링이 관리하는 <code>SqlSession</code>이나 스프링이 관리하는 매퍼에 주입한다. 
      이 말은 스프링이 <strong>항상</strong> 트랜잭션을 관리한다는 뜻이다. </p>
      <p>스프링이 관리하는 <code>SqlSession</code>에서는 <code>SqlSession.commit()</code>, <code>SqlSession.rollback()</code>
        또는 <code>SqlSession.close()</code> 메서드를 호출할수가 없다. 
        그럼에도 불구하고 이 메서드들을 사용하면 <code>UnsupportedOperationException</code> 예외가 발생한다. 
        이러한 메서드는 주입된 매퍼 클래스에서는 사용할 수 없다. </p>
      <p>JDBC연결의 자동커밋 설정을 어떻게 하더라도 스프링 트랜잭션 밖의 <code>SqlSession</code> 데이터 메서드나 매퍼 메서드의 실행은 자동으로 커밋된다. </p>
      <p>트래잭션을 수동으로 제어하고자 한다면 스프링 레퍼런스의 10.6절을 참고하자. 
      다음의 코드는 스프링 레퍼런스 10.6.2절에서 언급된 내용으로 <code>PlatformTransactionManager</code>를 사용해서 수동으로 트랜잭션을 다루는 방법을 보여준다.</p>
        <source><![CDATA[DefaultTransactionDefinition def = new DefaultTransactionDefinition();
def.setPropagationBehavior(TransactionDefinition.PROPAGATION_REQUIRED);

TransactionStatus status = txManager.getTransaction(def);
try {
  userMapper.insertUser(user);
}
catch (MyException ex) {
  txManager.rollback(status);
  throw ex;
}
txManager.commit(status);]]></source>
      <p>이 코드는 매퍼를 사용하지만 <code>SqlSession</code>를 사용해서 잘 동작할 것이다. </p>
      </subsection>
    </section>
  </body>
</document>
